numUniteUrbaine;nomUniteUrbaine;populationUniteUrbaine
851;Paris;10706072
851;Paris;10706072
851;Paris;10706072
851;Paris;10706072
851;Paris;10706072
851;Paris;10706072
851;Paris;10706072
851;Paris;10706072
851;Paris;10706072
851;Paris;10706072
851;Paris;10706072
851;Paris;10706072
851;Paris;10706072
851;Paris;10706072
851;Paris;10706072
851;Paris;10706072
851;Paris;10706072
43202;Brioude;7392
63102;La Bourboule;2267
0;Zone rurale;14541106
73401;Albertville;40293
73401;Albertville;40293
0;Zone rurale;14541106
451;Belleville;23718
758;Lyon;1639558
21401;Beaune;21661
35206;Acigne;6521
35701;Rennes;330871
35203;Cancale;5166
34401;Agde;26946
759;Marseille - Aix-en-Provence;1585498
759;Marseille - Aix-en-Provence;1585498
13209;Carnoux-en-Provence;6615
13303;Sausset-les-Pins - Carry-le-Rouet;13515
29402;Fouesnant;23955
29701;Brest;200530
29104;Camaret-sur-Mer;2583
29124;Carantec;4470
81502;Albi;74751
81304;Carmaux;16697
56401;Auray;28513
80601;Amiens;162637
751;Bayonne (partie francaise);236730
36201;Le Blanc;6572
36109;Buzancais;4473
16601;Angouleme;109054
16601;Angouleme;109054
16601;Angouleme;109054
16107;Barbezieux-Saint-Hilaire;4687
0;Zone rurale;14541106
66401;Saint-Cyprien;53068
66301;Canet-en-Roussillon;11965
18501;Bourges;82558
62502;Arras;86845
752;Bethune;355543
57701;Metz;285268
68402;Thann - Cernay;31817
851;Paris;10706072
851;Paris;10706072
851;Paris;10706072
851;Paris;10706072
52101;Bourbonne-les-Bains;2118
31208;Auterive;9417
31701;Toulouse;948433
0;Zone rurale;14541106
88402;La Bresse;24384
754;Avignon;456042
54404;Pont-a-Mousson;24248
50301;Avranches;15372
757;Toulon;569793
59208;Le Cateau-Cambresis;7355
0;Zone rurale;14541106
82103;Beaumont-de-Lomagne;3744
49206;Beaupreau;22965
87202;Bellac;5191
851;Paris;10706072
851;Paris;10706072
851;Paris;10706072
44304;Pornic;19312
44701;Nantes;633690
44701;Nantes;633690
33304;Biganos;17668
0;Zone rurale;14541106
851;Paris;10706072
851;Paris;10706072
76302;Bolbec;18045
40301;Capbreton;12599
0;Zone rurale;14541106
0;Zone rurale;14541106
554;Brive-la-Gaillarde;75329
0;Zone rurale;14541106
46401;Cahors;22764
6701;Nice;943354
6701;Nice;943354
6701;Nice;943354
364;Figeac;16530
0;Zone rurale;14541106
35701;Rennes;330871
85125;La Mothe-Achard;4925
758;Lyon;1639558
758;Lyon;1639558
42204;Charlieu;9321
0;Zone rurale;14541106
71105;Charolles;2758
85123;La Chataigneraie;3843
44302;Chateaubriant;12067
58101;Chateau-Chinon (Ville);2071
36501;Chateauroux;60779
2401;Chateau-Thierry;21591
74108;Abondance;3487
851;Paris;10706072
0;Zone rurale;14541106
1124;Chatillon-sur-Chalaronne;4914
2303;Chauny;17550
851;Paris;10706072
58107;Clamecy;4165
16401;Cognac;26408
851;Paris;10706072
31701;Toulouse;948433
851;Paris;10706072
851;Paris;10706072
16102;Confolens;2711
62504;Calais;100640
58301;Cosne-Cours-sur-Loire;11508
17118;Ars-en-Re;4467
0;Zone rurale;14541106
77402;Coulommiers;27344
63701;Clermont-Ferrand;265892
758;Lyon;1639558
0;Zone rurale;14541106
60303;Crepy-en-Valois;15049
34701;Montpellier;428909
851;Paris;10706072
58201;Decize;7550
26110;Die;4576
4301;Digne-les-Bains;17038
21701;Dijon;243244
0;Zone rurale;14541106
851;Paris;10706072
80204;Doullens;6726
14302;Douvres-la-Delivrande - Luc-sur-Mer;14825
851;Paris;10706072
28401;Dreux;49055
0;Zone rurale;14541106
66401;Saint-Cyprien;53068
88501;epinal;61800
851;Paris;10706072
12201;Espalion;5892
91401;etampes;29851
851;Paris;10706072
0;Zone rurale;14541106
33701;Bordeaux;904359
56109;Le Faouet;2815
83301;Fayence;11161
2107;La Ferte-Milon;2123
753;Saint-etienne;373130
83108;Flassans-sur-Issole;3485
77406;Fontainebleau;36517
57501;Sarrebruck (ALL) - Forbach (partie francaise);83893
851;Paris;10706072
81303;Gaillac;18794
34209;Ganges;7942
5401;Gap;41248
0;Zone rurale;14541106
851;Paris;10706072
759;Marseille - Aix-en-Provence;1585498
88301;Gerardmer;9835
0;Zone rurale;14541106
1301;Gex;16504
8206;Givet;8421
76701;Le Havre;237578
46103;Gramat;3649
59602;Dunkerque;177103
6701;Nice;943354
59602;Dunkerque;177103
70301;Gray;9470
38701;Grenoble;511598
0;Zone rurale;14541106
44122;Guemene-Penfao;5231
35204;La Guerche-de-Bretagne;5391
35207;Guipry;6888
756;Douai - Lens;504537
76701;Le Havre;237578
363;Honfleur;16740
33103;Hourtin;3490
851;Paris;10706072
0;Zone rurale;14541106
0;Zone rurale;14541106
63304;Issoire;15450
851;Paris;10706072
851;Paris;10706072
56106;Josselin;2495
0;Zone rurale;14541106
22301;Lamballe;13465
29308;Landerneau;17686
5104;Laragne-Monteglin;3816
6108;Levens;4741
59702;Lille (partie francaise);1039397
76402;Lillebonne;21641
14401;Lisieux;28545
39401;Lons-le-Saunier;26894
83303;Lorgues;10853
22205;Loudeac;9615
0;Zone rurale;14541106
71301;Louhans;11877
83307;Le Luc;15177
14302;Douvres-la-Delivrande - Luc-sur-Mer;14825
70302;Lure;11135
758;Lyon;1639558
758;Lyon;1639558
44202;Machecoul;7341
851;Paris;10706072
72701;Le Mans;210018
851;Paris;10706072
851;Paris;10706072
759;Marseille - Aix-en-Provence;1585498
851;Paris;10706072
0;Zone rurale;14541106
0;Zone rurale;14541106
0;Zone rurale;14541106
77501;Meaux;74463
79203;Melle;5471
453;Eu;20095
60302;Meru;14703
851;Paris;10706072
74601;Annecy;168098
12401;Millau;23837
32105;Mirande;3932
29206;Moelan-sur-Mer;6874
354;Montpon-Menesterol;11508
47302;Fumel;11735
0;Zone rurale;14541106
85302;Montaigu;13921
45501;Montargis;55881
25601;Montbeliard;106486
0;Zone rurale;14541106
551;Montelimar;55791
17112;Montendre;3576
35208;Montfort-sur-Meu;6556
758;Lyon;1639558
86202;Montmorillon;6095
34701;Montpellier;428909
34701;Montpellier;428909
0;Zone rurale;14541106
62201;Montreuil;5014
41204;Montrichard;6854
755;Rouen;467133
6701;Nice;943354
8102;Mouzon;2356
0;Zone rurale;14541106
68701;Mulhouse;246511
0;Zone rurale;14541106
44701;Nantes;633690
11502;Narbonne;53462
11502;Narbonne;53462
47301;Nerac;11723
6701;Nice;943354
30601;Nîmes;184750
28301;Nogent-le-Rotrou;11158
851;Paris;10706072
10202;Nogent-sur-Seine;5965
85131;Noirmoutier-en-l'Île;4666
851;Paris;10706072
754;Avignon;456042
60304;Noyon;15867
26202;Nyons;6690
67303;Obernai;12211
64303;Oloron-Sainte-Marie;17065
0;Zone rurale;14541106
68116;Orbey;3576
851;Paris;10706072
0;Zone rurale;14541106
1401;Oyonnax;33118
851;Paris;10706072
56105;Le Palais;2579
79303;Parthenay;18221
64601;Pau;197713
851;Paris;10706072
84303;Pertuis;19645
33701;Bordeaux;904359
40204;Peyrehorade;7357
0;Zone rurale;14541106
851;Paris;10706072
56216;Ploermel;9571
29113;Plougonvelin;4083
86601;Poitiers;130502
54404;Pont-a-Mousson;24248
25401;Pontarlier;21760
270;Pontcharra;9333
851;Paris;10706072
0;Zone rurale;14541106
44304;Pornic;19312
66401;Saint-Cyprien;53068
40202;Pouillon;5571
66205;Prades;9414
34701;Montpellier;428909
46102;Prayssac;3372
0;Zone rurale;14541106
56208;Questembert;7440
0;Zone rurale;14541106
53104;Renaze;2529
35201;Retiers;6043
0;Zone rurale;14541106
66601;Perpignan;200971
42502;Roanne;79899
0;Zone rurale;14541106
170;La Roche-Chalais - Saint-Aigulin;4865
17601;La Rochelle;128466
59702;Lille (partie francaise);1039397
67304;La Broque;13376
851;Paris;10706072
72302;Sable-sur-Sarthe;14863
0;Zone rurale;14541106
83202;Salernes;6051
0;Zone rurale;14541106
59702;Lille (partie francaise);1039397
57302;Sarrebourg;15917
9105;Saverdun;4734
851;Paris;10706072
34502;Sete;91281
74601;Annecy;168098
11201;Sigean;5463
757;Toulon;569793
30208;Sommieres;7520
40301;Capbreton;12599
23201;La Souterraine;5315
41205;Saint-Aignan;7900
59402;Saint-Amand-les-Eaux;33873
18301;Saint-Amand-Montrond;12320
0;Zone rurale;14541106
0;Zone rurale;14541106
0;Zone rurale;14541106
22501;Saint-Brieuc;94500
33107;Saint-Ciers-sur-Gironde;3039
39302;Saint-Claude;10346
851;Paris;10706072
753;Saint-etienne;373130
753;Saint-etienne;373130
44205;Saint-etienne-de-Montluc;6840
0;Zone rurale;14541106
553;Bergerac;64508
753;Saint-etienne;373130
0;Zone rurale;14541106
0;Zone rurale;14541106
44701;Nantes;633690
50202;Saint-Hilaire-du-Harcouet;8794
87106;Saint-Leonard-de-Noblat;4633
49205;Saint-Macaire-en-Mauges;25572
0;Zone rurale;14541106
37109;Sainte-Maure-de-Touraine;4351
54701;Nancy;285659
44601;Saint-Nazaire;152164
44601;Saint-Nazaire;152164
0;Zone rurale;14541106
40401;Mont-de-Marsan;40141
62209;Saint-Pol-sur-Ternoise;8619
0;Zone rurale;14541106
758;Lyon;1639558
43203;Sainte-Sigolene;8231
65501;Tarbes;75605
751;Bayonne (partie francaise);236730
0;Zone rurale;14541106
57601;Thionville;132722
74501;Thonon-les-Bains;75939
851;Paris;10706072
66601;Perpignan;200971
31701;Toulouse;948433
37701;Tours;353042
37701;Tours;353042
759;Marseille - Aix-en-Provence;1585498
31701;Toulouse;948433
0;Zone rurale;14541106
6701;Nice;943354
651;Valence;129705
44212;Vallet;8838
7110;Les Vans;3526
851;Paris;10706072
82104;Verdun-sur-Garonne;4727
27205;Verneuil-sur-Avre;8173
27401;Vernon;31840
851;Paris;10706072
851;Paris;10706072
0;Zone rurale;14541106
38119;Villard-de-Lans;4175
51301;Vitry-le-Francois;15578
38303;Vizille;20127
38701;Grenoble;511598
44119;Missillac;5199
0;Zone rurale;14541106
67212;Wissembourg (partie francaise);7662
68701;Mulhouse;246511
851;Paris;10706072
0;Zone rurale;14541106
851;Paris;10706072
758;Lyon;1639558
13101;Saintes-Maries-de-la-Mer;2680
31109;Bessieres;3959
42105;Balbigny;4243
38701;Grenoble;511598
59601;Maubeuge (partie francaise);112020
44701;Nantes;633690
754;Avignon;456042
83502;Frejus;95721
757;Toulon;569793
31701;Toulouse;948433
851;Paris;10706072
37701;Tours;353042
851;Paris;10706072
46401;Cahors;22764
851;Paris;10706072
851;Paris;10706072
851;Paris;10706072
851;Paris;10706072
851;Paris;10706072
851;Paris;10706072
851;Paris;10706072
851;Paris;10706072
851;Paris;10706072
851;Paris;10706072
851;Paris;10706072
851;Paris;10706072
851;Paris;10706072
851;Paris;10706072
47501;Agen;81266
30210;Aigues-Mortes;8385
47103;Aiguillon;4631
759;Marseille - Aix-en-Provence;1585498
2A501;Ajaccio;68462
81502;Albi;74751
461;Alencon;41758
851;Paris;10706072
66204;Amelie-les-Bains-Palalda;6188
80601;Amiens;162637
80601;Amiens;162637
361;ezy-sur-Eure;17334
74601;Annecy;168098
74601;Annecy;168098
652;Geneve (SUI) - Annemasse (partie francaise);178404
0;Zone rurale;14541106
19102;Argentat;3084
0;Zone rurale;14541106
851;Paris;10706072
62502;Arras;86845
851;Paris;10706072
851;Paris;10706072
85108;Aubigny;6285
18201;Aubigny-sur-Nere;5539
23102;Aubusson;3496
29213;Plouhinec - Audierne;7719
0;Zone rurale;14541106
754;Avignon;456042
35212;Bain-de-Bretagne;7335
47301;Nerac;11723
4106;Barcelonnette;3269
49201;Bauge;11862
44601;Saint-Nazaire;152164
60501;Beauvais;58742
60501;Beauvais;58742
33701;Bordeaux;904359
67210;Benfeld;8426
62401;Berck;44863
27301;Bernay;11804
752;Bethune;355543
41501;Blois;66763
41501;Blois;66763
851;Paris;10706072
84301;Bollene;13617
42102;Bourg-Argental;2902
851;Paris;10706072
37201;Bourgueil;6107
37201;Bourgueil;6107
35130;Breal-sous-Montfort;5815
29701;Brest;200530
85203;Bretignolles-sur-Mer;7035
0;Zone rurale;14541106
67302;Brumath;11074
35701;Rennes;330871
26101;Buis-les-Baronnies;2287
86601;Poitiers;130502
33121;Cadillac;5066
14601;Caen;198639
6701;Nice;943354
6701;Nice;943354
0;Zone rurale;14541106
758;Lyon;1639558
59403;Cambrai;47459
6701;Nice;943354
6701;Nice;943354
6701;Nice;943354
6701;Nice;943354
11501;Carcassonne;48527
271;Carhaix-Plouguer;9131
0;Zone rurale;14541106
31701;Toulouse;948433
81501;Castres;56432
0;Zone rurale;14541106
851;Paris;10706072
79204;Cerizay;5757
85402;Challans;27389
71501;Chalon-sur-Saone;74911
71501;Chalon-sur-Saone;74911
74301;Chamonix-Mont-Blanc;11840
0;Zone rurale;14541106
60402;Chantilly;37349
35701;Rennes;330871
16103;Chasseneuil-sur-Bonnieure;3036
72204;Chateau-du-Loir;7439
28302;Chateaudun;16558
0;Zone rurale;14541106
759;Marseille - Aix-en-Provence;1585498
37203;Chateau-Renault;7221
86401;Chatellerault;40693
21203;Chatillon-sur-Seine;5385
52401;Chaumont;23370
851;Paris;10706072
49210;Chemille;21492
50501;Cherbourg-Octeville;83311
86113;Civray;4019
851;Paris;10706072
55203;Commercy;5826
50106;Conde-sur-Vire;4082
54301;Jarny;12197
756;Douai - Lens;504537
50206;Coutances;9110
79202;La Creche;5524
60601;Creil;120350
0;Zone rurale;14541106
0;Zone rurale;14541106
0;Zone rurale;14541106
40402;Dax;49854
62203;Desvres;6474
76404;Dieppe;37127
353;Digoin;10044
21701;Dijon;243244
458;Dinard;32364
35131;Dol-de-Bretagne;5646
0;Zone rurale;14541106
32103;Eauze;3869
758;Lyon;1639558
19106;egletons;4274
5201;Embrun;6736
851;Paris;10706072
51401;epernay;30507
851;Paris;10706072
851;Paris;10706072
22114;Erquy;3898
91401;etampes;29851
0;Zone rurale;14541106
652;Geneve (SUI) - Annemasse (partie francaise);178404
72301;La Ferte-Bernard;11544
0;Zone rurale;14541106
77406;Fontainebleau;36517
851;Paris;10706072
13106;Fontvieille;3627
95401;Fosses;21825
83502;Frejus;95721
759;Marseille - Aix-en-Provence;1585498
88301;Gerardmer;9835
38701;Grenoble;511598
851;Paris;10706072
76205;Gournay-en-Bray;7975
74101;Le Grand-Bornand;2154
13501;Salon-de-Provence;60408
4101;Greoux-les-Bains;2628
4101;Greoux-les-Bains;2628
0;Zone rurale;14541106
71204;Gueugnon;7184
35213;Guichen;8231
33501;La Teste-de-Buch - Arcachon;65500
67501;Haguenau;59194
76701;Le Havre;237578
59401;Hazebrouck;26633
756;Douai - Lens;504537
14402;Dives-sur-Mer;34823
156;Ingrandes;2615
36301;Issoudun;12029
759;Marseille - Aix-en-Provence;1585498
91402;Ballancourt-sur-Essonne;35283
85121;Jard-sur-Mer;3951
0;Zone rurale;14541106
454;Joeuf;22306
89301;Joigny;9580
17201;Jonzac;5283
851;Paris;10706072
851;Paris;10706072
31701;Toulouse;948433
40101;Labouheyre;2720
851;Paris;10706072
13213;Lambesc;9584
41110;Lamotte-Beuvron;4750
29301;Landivisiau;11158
48102;Langogne;3246
52202;Langres;9347
0;Zone rurale;14541106
0;Zone rurale;14541106
59702;Lille (partie francaise);1039397
33208;Lesparre-Medoc;7974
59702;Lille (partie francaise);1039397
851;Paris;10706072
39401;Lons-le-Saunier;26894
44303;Saint-Julien-de-Concelles;14891
85208;Lucon;9394
0;Zone rurale;14541106
0;Zone rurale;14541106
758;Lyon;1639558
758;Lyon;1639558
758;Lyon;1639558
25109;Maîche;4273
56112;Malestroit;3519
72202;Mamers;5815
72701;Le Mans;210018
851;Paris;10706072
0;Zone rurale;14541106
759;Marseille - Aix-en-Provence;1585498
759;Marseille - Aix-en-Provence;1585498
48201;Marvejols;6066
0;Zone rurale;14541106
17101;Matha;2175
15105;Mauriac;4502
462;Sallanches;44281
851;Paris;10706072
6501;Menton - Monaco (partie francaise);68326
0;Zone rurale;14541106
1206;Meximieux;10144
35127;La Meziere;4644
0;Zone rurale;14541106
39102;Moirans-en-Montagne;2088
0;Zone rurale;14541106
35129;Montauban-de-Bretagne;5095
21205;Montbard;5662
37701;Tours;353042
80202;Montdidier;6384
851;Paris;10706072
24104;Montignac;2807
851;Paris;10706072
851;Paris;10706072
76701;Le Havre;237578
34701;Montpellier;428909
0;Zone rurale;14541106
53101;Montsurs;2561
40107;Morcenx;4415
38302;Morestel;16051
80117;Moreuil;4516
39202;Morez;7715
29403;Morlaix;25437
74114;Morzine;4604
73110;Moutiers;4612
68302;Munster;11780
0;Zone rurale;14541106
54701;Nancy;285659
851;Paris;10706072
44701;Nantes;633690
44701;Nantes;633690
1123;Nantua;4160
77401;Nemours;21380
45202;Fay-aux-Loges;6432
86115;Neuville-de-Poitou;5352
58501;Nevers;58395
6701;Nice;943354
6701;Nice;943354
6701;Nice;943354
6701;Nice;943354
6701;Nice;943354
30601;Nîmes;184750
30601;Nîmes;184750
79501;Niort;72991
851;Paris;10706072
0;Zone rurale;14541106
0;Zone rurale;14541106
1401;Oyonnax;33118
851;Paris;10706072
42101;Panissieres;2943
851;Paris;10706072
40109;Parentis-en-Born;5933
33201;Pauillac;4861
66601;Perpignan;200971
31701;Toulouse;948433
0;Zone rurale;14541106
86601;Poitiers;130502
39107;Poligny;4104
0;Zone rurale;14541106
0;Zone rurale;14541106
29306;Pont-l'Abbe;14289
651;Valence;129705
0;Zone rurale;14541106
0;Zone rurale;14541106
11109;Quillan;3653
22101;Quintin;2809
266;Raon-l'etape;8069
0;Zone rurale;14541106
31209;Revel;9546
44701;Nantes;633690
24202;Riberac;5555
37101;Richelieu;2341
758;Lyon;1639558
851;Paris;10706072
753;Saint-etienne;373130
16104;La Rochefoucauld;2954
17601;La Rochelle;128466
851;Paris;10706072
31701;Toulouse;948433
7402;Aubenas;41552
851;Paris;10706072
0;Zone rurale;14541106
16106;Ruffec;3947
72302;Sable-sur-Sarthe;14863
64107;Salies-de-Bearn;4741
33204;Salles;6785
74110;Samoens;3743
67125;Sarre-Union;2906
851;Paris;10706072
67307;Saverne;18828
49212;Segre;17603
67306;Selestat;19252
60306;Senlis;15685
28107;Senonches;3092
89401;Sens;37683
851;Paris;10706072
4204;Sisteron;7213
46107;Souillac;4141
40205;Soustons;7664
67701;Strasbourg (partie francaise);461101
67701;Strasbourg (partie francaise);461101
45302;Sully-sur-Loire;11960
24203;Saint-Astier;6790
0;Zone rurale;14541106
851;Paris;10706072
37701;Tours;353042
88403;Saint-Die-des-Vosges;41934
26104;Saint-Donat-sur-l'Herbasse;4018
753;Saint-etienne;373130
0;Zone rurale;14541106
758;Lyon;1639558
31302;Saint-Gaudens;15830
758;Lyon;1639558
851;Paris;10706072
751;Bayonne (partie francaise);236730
85301;Saint-Jean-de-Monts;12838
74601;Annecy;168098
57701;Metz;285268
0;Zone rurale;14541106
87301;Saint-Junien;11156
60201;Saint-Just-en-Chaussee;5972
0;Zone rurale;14541106
458;Dinard;32364
35402;Saint-Malo;45719
69105;Saint-Martin-en-Haut;3907
0;Zone rurale;14541106
73104;Saint-Michel-de-Maurienne;2831
851;Paris;10706072
0;Zone rurale;14541106
44601;Saint-Nazaire;152164
44211;Saint-Philbert-de-Grand-Lieu;8767
14119;Saint-Pierre-sur-Dives;7835
2501;Saint-Quentin;65059
0;Zone rurale;14541106
40108;Saint-Sever;4884
4401;Manosque;30036
753;Saint-etienne;373130
753;Saint-etienne;373130
456;Beaucaire;31150
59211;Templeuve;10210
43102;Tence;3106
88303;Le Thillot;15370
24108;Thiviers;3849
0;Zone rurale;14541106
79302;Thouars;14299
0;Zone rurale;14541106
0;Zone rurale;14541106
31701;Toulouse;948433
17301;La Tremblade;11935
851;Paris;10706072
19401;Tulle;21196
30301;Uzes;11726
84203;Vaison-la-Romaine;7872
0;Zone rurale;14541106
59701;Valenciennes (partie francaise);335992
0;Zone rurale;14541106
50205;Valognes;7860
0;Zone rurale;14541106
851;Paris;10706072
851;Paris;10706072
7102;Lamastre;2361
851;Paris;10706072
2120;Vervins;3434
5103;Veynes;3302
38701;Grenoble;511598
758;Lyon;1639558
851;Paris;10706072
0;Zone rurale;14541106
59702;Lille (partie francaise);1039397
43201;Yssingeaux;7122
0;Zone rurale;14541106
758;Lyon;1639558
0;Zone rurale;14541106
1302;Amberieu-en-Bugey;17920
70401;Vesoul;28707
18401;Vierzon;30159
73601;Chambery;187010
1501;Bourg-en-Bresse;59778
81502;Albi;74751
82501;Montauban;78084
759;Marseille - Aix-en-Provence;1585498
851;Paris;10706072
35216;Vern-sur-Seiche;7871
652;Geneve (SUI) - Annemasse (partie francaise);178404
851;Paris;10706072
851;Paris;10706072
851;Paris;10706072
851;Paris;10706072
851;Paris;10706072
851;Paris;10706072
851;Paris;10706072
851;Paris;10706072
851;Paris;10706072
851;Paris;10706072
851;Paris;10706072
851;Paris;10706072
851;Paris;10706072
851;Paris;10706072
80401;Abbeville;26023
50203;Agon-Coutainville;7475
61301;L'Aigle;11190
85114;L'Aiguillon-sur-Mer;2792
759;Marseille - Aix-en-Provence;1585498
72701;Le Mans;210018
59701;Valenciennes (partie francaise);335992
652;Geneve (SUI) - Annemasse (partie francaise);178404
7401;Annonay;27378
6701;Nice;943354
851;Paris;10706072
851;Paris;10706072
851;Paris;10706072
851;Paris;10706072
18101;Argent-sur-Sauldre;2142
552;Arles;55766
552;Arles;55766
0;Zone rurale;14541106
56102;Arzon;2095
366;Esch-sur-Alzette (LUX) - Villerupt (partie francaise);20247
157;Aumale;2579
21206;Auxonne;7743
89203;Avallon;6807
754;Avignon;456042
756;Douai - Lens;504537
0;Zone rurale;14541106
31113;Bagneres-de-Luchon;3934
851;Paris;10706072
851;Paris;10706072
61105;Bagnoles-de-l'Orne;3084
91402;Ballancourt-sur-Essonne;35283
12101;Baraqueville;3141
0;Zone rurale;14541106
83109;Barjols;3051
55301;Bar-le-Duc;18845
0;Zone rurale;14541106
2B501;Bastia;67699
33122;Bazas;4734
73106;Beaufort;3611
49204;Beaufort-en-Vallee;7104
0;Zone rurale;14541106
459;Persan - Beaumont-sur-Oise;37357
1205;Belley;10229
553;Bergerac;64508
759;Marseille - Aix-en-Provence;1585498
0;Zone rurale;14541106
78205;Beynes;8069
34501;Beziers;90841
751;Bayonne (partie francaise);236730
40302;Biscarrosse;14336
67501;Haguenau;59194
31701;Toulouse;948433
54205;Blainville-sur-l'Eau;7125
0;Zone rurale;14541106
0;Zone rurale;14541106
14402;Dives-sur-Mer;34823
33701;Bordeaux;904359
33701;Bordeaux;904359
33701;Bordeaux;904359
3102;Bourbon-l'Archambault;2556
38116;Le Bourg-d'Oisans;3239
59134;Bray-Dunes;4599
29701;Brest;200530
5301;Briancon;17468
83401;Brignoles;22801
752;Bethune;355543
66601;Perpignan;200971
14601;Caen;198639
62504;Calais;100640
64203;Cambo-les-Bains;6708
6701;Nice;943354
31204;Carbonne;6499
11501;Carcassonne;48527
50204;Carentan;9305
56215;Carnac;8003
754;Avignon;456042
754;Avignon;456042
31701;Toulouse;948433
47102;Casteljaloux;4659
11302;Castelnaudary;12212
0;Zone rurale;14541106
82401;Castelsarrasin;26467
0;Zone rurale;14541106
82203;Caussade;8205
51501;Chalons-en-Champagne;57901
51501;Chalons-en-Champagne;57901
71501;Chalon-sur-Saone;74911
73601;Chambery;187010
73601;Chambery;187010
39301;Champagnole;9841
44120;La Chapelle-Basse-Mer;6701
254;La Charite-sur-Loire;5450
8501;Charleville-Mezieres;59465
28501;Chartres;89793
85403;Les Sables-d'Olonne;42649
35217;Chateaugiron;12746
53302;Chateau-Gontier;16757
0;Zone rurale;14541106
0;Zone rurale;14541106
258;Chauffailles;6220
0;Zone rurale;14541106
86203;Chauvigny;7105
851;Paris;10706072
851;Paris;10706072
71110;La Clayette;2947
63701;Clermont-Ferrand;265892
63701;Clermont-Ferrand;265892
63701;Clermont-Ferrand;265892
0;Zone rurale;14541106
851;Paris;10706072
74502;Cluses;89490
6701;Nice;943354
88109;Contrexeville;3259
83204;Carces;7028
851;Paris;10706072
851;Paris;10706072
69106;Cours-la-Ville;4589
0;Zone rurale;14541106
758;Lyon;1639558
12302;Decazeville;14598
255;Descartes;5711
76404;Dieppe;37127
4301;Digne-les-Bains;17038
22402;Dinan;27552
1203;Divonne-les-Bains (partie francaise);9286
39402;Dole;29916
26111;Donzere;5541
0;Zone rurale;14541106
29307;Douarnenez;14208
59701;Valenciennes (partie francaise);335992
74115;Douvaine;5716
83501;Draguignan;81139
43101;Dunieres;2856
59602;Dunkerque;177103
0;Zone rurale;14541106
74501;Thonon-les-Bains;75939
27501;evreux;60589
53203;evron;7280
13207;Eyguieres;6996
76102;Fauville-en-Caux;4069
45205;La Ferte-Saint-Aubin;7367
364;Figeac;16530
32201;Fleurance;6181
0;Zone rurale;14541106
57501;Sarrebruck (ALL) - Forbach (partie francaise);83893
76201;Forges-les-Eaux;4860
0;Zone rurale;14541106
759;Marseille - Aix-en-Provence;1585498
35401;Fougeres;26788
17115;Fouras;4047
73109;Modane;3846
851;Paris;10706072
31202;Fronton;5917
27302;Gaillon;17263
6701;Nice;943354
359;Gisors;13776
74101;Le Grand-Bornand;2154
50402;Granville;26343
81302;Graulhet;12461
80207;Ham;7343
59601;Maubeuge (partie francaise);112020
76701;Le Havre;237578
851;Paris;10706072
0;Zone rurale;14541106
56205;Inzinzac-Lochrist;6471
754;Avignon;456042
73601;Chambery;187010
54301;Jarny;12197
0;Zone rurale;14541106
59601;Maubeuge (partie francaise);112020
0;Zone rurale;14541106
0;Zone rurale;14541106
0;Zone rurale;14541106
56601;Lorient;114299
0;Zone rurale;14541106
34701;Montpellier;428909
32102;Lectoure;3710
29303;Lesneven;12959
0;Zone rurale;14541106
33401;Libourne;35963
35210;Liffre;7370
59702;Lille (partie francaise);1039397
14201;Hermanville-sur-Mer;5413
37301;Loches;10355
56214;Locmine;7918
851;Paris;10706072
39401;Lons-le-Saunier;26894
56601;Lorient;114299
65302;Lourdes;16982
72115;Le Lude;3876
54206;Ludres;8676
758;Lyon;1639558
758;Lyon;1639558
758;Lyon;1639558
464;Macon;47775
6701;Nice;943354
71109;Marcigny;2974
455;Marmande;29652
755;Rouen;467133
759;Marseille - Aix-en-Provence;1585498
759;Marseille - Aix-en-Provence;1585498
0;Zone rurale;14541106
759;Marseille - Aix-en-Provence;1585498
9104;Mazeres;3826
0;Zone rurale;14541106
22103;Merdrignac;2937
33701;Bordeaux;904359
17402;Royan;35729
851;Paris;10706072
851;Paris;10706072
40203;Mimizan;6927
88205;Mirecourt;7359
758;Lyon;1639558
851;Paris;10706072
851;Paris;10706072
0;Zone rurale;14541106
79105;Moncoutant;3161
14601;Caen;198639
64302;Mourenx;14531
37106;Monnaie;4298
40401;Mont-de-Marsan;40141
551;Montelimar;55791
0;Zone rurale;14541106
0;Zone rurale;14541106
55103;Montmedy;2199
73202;Montmelian;6849
0;Zone rurale;14541106
851;Paris;10706072
0;Zone rurale;14541106
34701;Montpellier;428909
34701;Montpellier;428909
0;Zone rurale;14541106
29403;Morlaix;25437
25204;Morteau;9904
25204;Morteau;9904
68701;Mulhouse;246511
15101;Murat;1951
851;Paris;10706072
31701;Toulouse;948433
67401;Molsheim;26662
56116;Muzillac;4988
54701;Nancy;285659
77208;Nangis;8593
27201;Le Neubourg;5244
62207;Neufchatel-Hardelot;7249
851;Paris;10706072
0;Zone rurale;14541106
758;Lyon;1639558
6701;Nice;943354
79501;Niort;72991
37701;Tours;353042
754;Avignon;456042
45701;Orleans;278131
45701;Orleans;278131
851;Paris;10706072
9401;Pamiers;26453
64601;Pau;197713
64601;Pau;197713
556;Vienne;94687
0;Zone rurale;14541106
57201;Phalsbourg;5094
33701;Bordeaux;904359
758;Lyon;1639558
851;Paris;10706072
29701;Brest;200530
80106;Poix-de-Picardie;2402
360;Le Pont-de-Beauvoisin;16178
56303;Pontivy;16234
44401;Saint-Brevin-les-Pins;23405
2A104;Propriano;4531
77303;Provins;12905
2B101;Prunelli-di-Fiumorbo;3578
83111;Puget-Ville;4177
851;Paris;10706072
851;Paris;10706072
43401;Le Puy-en-Velay;38205
67305;Reichshoffen - Niederbronn-les-Bains;14545
652;Geneve (SUI) - Annemasse (partie francaise);178404
88401;Remiremont;21669
35701;Rennes;330871
33206;La Reole;6644
68701;Mulhouse;246511
29305;Saint-Pol-de-Leon;12288
0;Zone rurale;14541106
17402;Royan;35729
80203;Roye;5972
7111;Ruoms;3764
85403;Les Sables-d'Olonne;42649
72302;Sable-sur-Sarthe;14863
462;Sallanches;44281
5301;Briancon;17468
13501;Salon-de-Provence;60408
45701;Orleans;278131
61107;Sees;4209
41111;Selles-sur-Cher;4625
757;Toulon;569793
33104;Soulac-sur-Mer;2621
67115;Soultz-sous-Forets;3127
67701;Strasbourg (partie francaise);461101
851;Paris;10706072
17203;Surgeres;6750
12202;Saint-Affrique;9417
14302;Douvres-la-Delivrande - Luc-sur-Mer;14825
0;Zone rurale;14541106
44401;Saint-Brevin-les-Pins;23405
72116;Saint-Calais;3814
757;Toulon;569793
460;Saint-Dizier;31794
49208;La Pommeraye;18356
15201;Saint-Flour;6630
851;Paris;10706072
31701;Toulouse;948433
0;Zone rurale;14541106
167;Aoste;5246
0;Zone rurale;14541106
2109;Saint-Gobain;2269
0;Zone rurale;14541106
44701;Nantes;633690
0;Zone rurale;14541106
0;Zone rurale;14541106
17207;Saint-Jean-d'Angely;8393
73301;Saint-Jean-de-Maurienne;9474
64106;Saint-Jean-Pied-de-Port;4416
0;Zone rurale;14541106
652;Geneve (SUI) - Annemasse (partie francaise);178404
0;Zone rurale;14541106
0;Zone rurale;14541106
35402;Saint-Malo;45719
35402;Saint-Malo;45719
44207;Saint-Joachim - Saint-Malo-de-Guersac;7115
0;Zone rurale;14541106
33701;Bordeaux;904359
62501;Saint-Omer;62105
851;Paris;10706072
0;Zone rurale;14541106
26203;Saint-Paul-Trois-Chateaux;10328
37701;Tours;353042
3201;Saint-Pourcain-sur-Sioule;5090
13302;Saint-Remy-de-Provence;12731
83304;Saint-Tropez;8975
76119;Saint-Valery-en-Caux;4209
269;Saint-Vallier;9130
87203;Saint-Yrieix-la-Perche;6813
85204;Talmont-Saint-Hilaire;7363
69302;Tarare;16613
9201;Tarascon-sur-Ariege;5525
851;Paris;10706072
59211;Templeuve;10210
2402;Tergnier;22463
265;Terrasson-Lavilledieu;7839
33501;La Teste-de-Buch - Arcachon;65500
68402;Thann - Cernay;31817
69203;Thizy;6150
60502;Compiegne;70485
756;Douai - Lens;504537
54402;Toul;23131
31701;Toulouse;948433
59702;Lille (partie francaise);1039397
0;Zone rurale;14541106
37701;Tours;353042
22501;Saint-Brieuc;94500
453;Eu;20095
10601;Troyes;136330
44206;La Turballe;6691
73203;Ugine;8717
68207;Ensisheim;9600
751;Bayonne (partie francaise);236730
851;Paris;10706072
27402;Louviers;44239
82202;Valence;7776
651;Valence;129705
56501;Vannes;78876
0;Zone rurale;14541106
41401;Vendome;23423
0;Zone rurale;14541106
44701;Nantes;633690
556;Vienne;94687
0;Zone rurale;14541106
1122;Villars-les-Dombes;4460
59702;Lille (partie francaise);1039397
851;Paris;10706072
366;Esch-sur-Alzette (LUX) - Villerupt (partie francaise);20247
851;Paris;10706072
35302;Vitre;17798
38701;Grenoble;511598
57701;Metz;285268
44701;Nantes;633690
758;Lyon;1639558
0;Zone rurale;14541106
0;Zone rurale;14541106
2A301;Porto-Vecchio;11826
25601;Montbeliard;106486
751;Bayonne (partie francaise);236730
82501;Montauban;78084
68501;Colmar;95712
758;Lyon;1639558
73601;Chambery;187010
64601;Pau;197713
753;Saint-etienne;373130
759;Marseille - Aix-en-Provence;1585498
4401;Manosque;30036
31701;Toulouse;948433
0;Zone rurale;14541106
851;Paris;10706072
851;Paris;10706072
851;Paris;10706072
851;Paris;10706072
851;Paris;10706072
851;Paris;10706072
851;Paris;10706072
851;Paris;10706072
851;Paris;10706072
851;Paris;10706072
851;Paris;10706072
851;Paris;10706072
851;Paris;10706072
851;Paris;10706072
851;Paris;10706072
851;Paris;10706072
851;Paris;10706072
851;Paris;10706072
80401;Abbeville;26023
851;Paris;10706072
0;Zone rurale;14541106
752;Bethune;355543
73601;Chambery;187010
85206;Aizenay;9212
2A501;Ajaccio;68462
2A501;Ajaccio;68462
80301;Albert;9931
0;Zone rurale;14541106
0;Zone rurale;14541106
63203;Ambert;7287
57701;Metz;285268
27207;Les Andelys;8404
49701;Angers;225978
49701;Angers;225978
0;Zone rurale;14541106
84302;Apt;15834
851;Paris;10706072
5101;L'Argentiere-la-Bessee;2307
36203;Argenton-sur-Creuse;8392
59501;Armentieres (partie francaise);78130
64105;Arudy;3708
759;Marseille - Aix-en-Provence;1585498
63701;Clermont-Ferrand;265892
15401;Aurillac;32127
0;Zone rurale;14541106
754;Avignon;456042
65301;Bagneres-de-Bigorre;12857
30401;Bagnols-sur-Ceze;22289
34212;Baillargues;9958
10201;Bar-sur-Aube;5216
2B501;Bastia;67699
751;Bayonne (partie francaise);236730
6701;Nice;943354
62111;Beaurainville;3279
357;Bellegarde-sur-Valserine;12642
73201;Aime;8119
25602;Besancon;135448
83206;Carnoules;10421
35301;Betton;13005
44213;Blain;9638
33701;Bordeaux;904359
33301;Blaye;10376
42201;Boen;7311
851;Paris;10706072
0;Zone rurale;14541106
851;Paris;10706072
66201;Le Boulou;5554
18501;Bourges;82558
851;Paris;10706072
59702;Lille (partie francaise);1039397
77116;Bray-sur-Seine;3334
29701;Brest;200530
77306;Brie-Comte-Robert;16635
752;Bethune;355543
0;Zone rurale;14541106
851;Paris;10706072
14601;Caen;198639
758;Lyon;1639558
0;Zone rurale;14541106
33701;Bordeaux;904359
6701;Nice;943354
0;Zone rurale;14541106
31701;Toulouse;948433
76105;Caudebec-en-Caux;4141
83207;Cavalaire-sur-Mer;10949
0;Zone rurale;14541106
31203;Cazeres;6105
34129;Cazouls-les-Beziers;4918
66302;Ceret;13808
33701;Bordeaux;904359
52104;Chalindrey;3544
73601;Chambery;187010
459;Persan - Beaumont-sur-Oise;37357
0;Zone rurale;14541106
851;Paris;10706072
4203;Chateau-Arnoux-Saint-Auban;7189
29204;Chateaulin;5616
754;Avignon;456042
851;Paris;10706072
36202;La Chatre;6969
758;Lyon;1639558
851;Paris;10706072
50501;Cherbourg-Octeville;83311
851;Paris;10706072
37205;Chinon;9906
757;Toulon;569793
34213;Clermont-l'Herault;10400
63701;Clermont-Ferrand;265892
63701;Clermont-Ferrand;265892
74502;Cluses;89490
35205;Combourg;5862
29404;Concarneau;26225
32203;Condom;6695
0;Zone rurale;14541106
80208;Corbie;8149
2B203;Corte;7331
59602;Dunkerque;177103
14118;Courseulles-sur-Mer;4118
33114;Creon;4579
26302;Crest;13877
44601;Saint-Nazaire;152164
7105;Cruas;2976
851;Paris;10706072
0;Zone rurale;14541106
758;Lyon;1639558
90301;Delle (partie francaise);10029
26109;Dieulefit;4007
14402;Dives-sur-Mer;34823
3105;Dompierre-sur-Besbre;3071
44601;Saint-Nazaire;152164
0;Zone rurale;14541106
38701;Grenoble;511598
851;Paris;10706072
755;Rouen;467133
0;Zone rurale;14541106
851;Paris;10706072
161;Entre-deux-Guiers;3248
355;epernon;12210
50501;Cherbourg-Octeville;83311
56217;Belz;9265
14205;Falaise;8245
76403;Fecamp;20919
42203;Feurs;9432
9301;Foix;14531
9301;Foix;14531
851;Paris;10706072
4202;Forcalquier;6348
59305;Fourmies;15330
83502;Frejus;95721
34502;Sete;91281
3202;Gannat;5841
5401;Gap;41248
851;Paris;10706072
0;Zone rurale;14541106
851;Paris;10706072
46105;Gourdon;4321
851;Paris;10706072
755;Rouen;467133
31205;Grenade;8685
38701;Grenoble;511598
38701;Grenoble;511598
68401;Guebwiller;29102
0;Zone rurale;14541106
56211;Guer;6803
23301;Gueret;14529
5102;Guillestre;3208
2201;Guise;4919
33701;Bordeaux;904359
59702;Lille (partie francaise);1039397
1120;Hauteville-Lompnes;3739
50102;La Haye-du-Puits;4014
85303;Les Herbiers;15992
2302;Hirson;10031
757;Toulon;569793
85132;L'Île-d'Yeu;4771
851;Paris;10706072
851;Paris;10706072
68205;Kembs;8954
59702;Lille (partie francaise);1039397
0;Zone rurale;14541106
33303;Langon;13481
33303;Langon;13481
0;Zone rurale;14541106
2403;Laon;28791
81301;Lavaur;12623
31701;Toulouse;948433
86102;Lencloître;2462
11206;Lezignan-Corbieres;11285
851;Paris;10706072
14401;Lisieux;28545
851;Paris;10706072
59702;Lille (partie francaise);1039397
54405;Longwy (partie francaise);45883
27402;Louviers;44239
54403;Luneville;22690
758;Lyon;1639558
758;Lyon;1639558
758;Lyon;1639558
73201;Aime;8119
851;Paris;10706072
72701;Le Mans;210018
0;Zone rurale;14541106
59702;Lille (partie francaise);1039397
17206;Marennes;9109
57701;Metz;285268
759;Marseille - Aix-en-Provence;1585498
759;Marseille - Aix-en-Provence;1585498
759;Marseille - Aix-en-Provence;1585498
759;Marseille - Aix-en-Provence;1585498
53301;Mayenne;15119
81401;Mazamet;24994
48301;Mende;11641
57701;Metz;285268
9103;Mirepoix;3162
73109;Modane;3846
82401;Castelsarrasin;26467
44701;Nantes;633690
60601;Creil;120350
82501;Montauban;78084
42401;Montbrison;23170
71402;Montceau-les-Mines;39188
49208;La Pommeraye;18356
51111;Montmirail;3643
34701;Montpellier;428909
252;Montrejeau;5468
851;Paris;10706072
0;Zone rurale;14541106
69205;Mornant;5582
61201;Mortagne-au-Perche;4844
6701;Nice;943354
3401;Moulins;38277
68701;Mulhouse;246511
24204;Mussidan;7146
54701;Nancy;285659
54701;Nancy;285659
54701;Nancy;285659
44701;Nantes;633690
44701;Nantes;633690
76203;Neufchatel-en-Bray;5179
851;Paris;10706072
0;Zone rurale;14541106
44209;Nort-sur-Erdre;8539
76402;Lillebonne;21641
41104;Nouan-le-Fuzelier;2330
25110;Ornans;4357
60204;Orry-la-Ville;6328
14206;Ouistreham;9177
71205;Paray-le-Monial;9201
29401;Penmarch;22807
759;Marseille - Aix-en-Provence;1585498
0;Zone rurale;14541106
24501;Perigueux;74257
80209;Peronne;9453
22403;Lannion;49438
34215;Pezenas;9696
0;Zone rurale;14541106
70101;Plancher-les-Mines;2969
251;Plestin-les-Greves;4945
458;Dinard;32364
29118;Plouescat;3471
851;Paris;10706072
851;Paris;10706072
44214;Pontchateau;10604
14120;Pont-l'eveque;5253
60305;Pont-Sainte-Maxence;16997
49701;Angers;225978
0;Zone rurale;14541106
0;Zone rurale;14541106
44601;Saint-Nazaire;152164
85201;Pouzauges;5525
0;Zone rurale;14541106
56201;Quiberon;4938
29501;Quimper;80005
29304;Quimperle;14318
35701;Rennes;330871
0;Zone rurale;14541106
0;Zone rurale;14541106
753;Saint-etienne;373130
17601;La Rochelle;128466
0;Zone rurale;14541106
851;Paris;10706072
10301;Romilly-sur-Seine;16856
6701;Nice;943354
851;Paris;10706072
59702;Lille (partie francaise);1039397
755;Rouen;467133
69303;L'Arbresle;20735
17401;Saintes;29362
17401;Saintes;29362
0;Zone rurale;14541106
24205;Sarlat-la-Caneda;9030
21104;Saulieu;2473
8401;Sedan;26148
57601;Thionville;132722
34502;Sete;91281
51202;Sezanne;4996
74601;Annecy;168098
757;Toulon;569793
851;Paris;10706072
55105;Stenay;3173
67701;Strasbourg (partie francaise);461101
0;Zone rurale;14541106
78202;Saint-Arnoult-en-Yvelines;6086
35121;Saint-Aubin-du-Cormier;3732
0;Zone rurale;14541106
57402;Saint-Avold (partie francaise);34694
46106;Saint-Cere;4572
5301;Briancon;17468
88403;Saint-Die-des-Vosges;41934
753;Saint-etienne;373130
33701;Bordeaux;904359
0;Zone rurale;14541106
42501;Saint-Just-Saint-Rambert;60716
0;Zone rurale;14541106
85401;Saint-Hilaire-de-Riez;25377
9203;Saint-Girons;9722
0;Zone rurale;14541106
38124;Saint-Laurent-du-Pont;4543
38401;Saint-Marcellin;21027
44101;Saint-Mars-la-Jaille;2400
0;Zone rurale;14541106
13301;Saint-Martin-de-Crau;13673
851;Paris;10706072
83310;Sainte-Maxime;18589
35202;Saint-Meen-le-Grand;5801
80206;Saint-Leger-les-Domart;7323
851;Paris;10706072
64102;Saint-Palais;2969
17402;Royan;35729
17204;Saint-Pierre-d'Oleron;6751
72701;Le Mans;210018
81204;Saint-Sulpice;8778
69103;Saint-Symphorien-sur-Coise;3627
40303;Saint-Vincent-de-Tyrosse;15408
33701;Bordeaux;904359
758;Lyon;1639558
551;Montelimar;55791
0;Zone rurale;14541106
61102;Le Theil;3737
0;Zone rurale;14541106
0;Zone rurale;14541106
0;Zone rurale;14541106
61104;Tinchebray;4999
0;Zone rurale;14541106
47201;Tonneins;9853
89202;Tonnerre;5337
757;Toulon;569793
31701;Toulouse;948433
31701;Toulouse;948433
59702;Lille (partie francaise);1039397
84108;La Tour-d'Aigues;4196
38304;La Tour-du-Pin;21762
71202;Tournus;5663
851;Paris;10706072
38206;Tullins;8805
19103;Uzerche;2889
88402;La Bresse;24384
6701;Nice;943354
651;Valence;129705
757;Toulon;569793
0;Zone rurale;14541106
851;Paris;10706072
77403;Montereau-Fault-Yonne;27606
758;Lyon;1639558
155;Vayrac;2488
0;Zone rurale;14541106
67701;Strasbourg (partie francaise);461101
55401;Verdun;24283
70401;Vesoul;28707
49125;Vihiers;7858
0;Zone rurale;14541106
851;Paris;10706072
31114;Villefranche-de-Lauragais;4885
851;Paris;10706072
851;Paris;10706072
47401;Villeneuve-sur-Lot;48824
758;Lyon;1639558
851;Paris;10706072
14301;Vire;17650
759;Marseille - Aix-en-Provence;1585498
851;Paris;10706072
38701;Grenoble;511598
0;Zone rurale;14541106
0;Zone rurale;14541106
851;Paris;10706072
89102;Saint-Julien-du-Sault;2825
6701;Nice;943354
759;Marseille - Aix-en-Provence;1585498
29501;Quimper;80005
759;Marseille - Aix-en-Provence;1585498
37701;Tours;353042
759;Marseille - Aix-en-Provence;1585498
24501;Perigueux;74257
758;Lyon;1639558
37701;Tours;353042
0;Zone rurale;14541106
0;Zone rurale;14541106
851;Paris;10706072
851;Paris;10706072
851;Paris;10706072
851;Paris;10706072
851;Paris;10706072
851;Paris;10706072
851;Paris;10706072
851;Paris;10706072
851;Paris;10706072
851;Paris;10706072
851;Paris;10706072
851;Paris;10706072
851;Paris;10706072
851;Paris;10706072
851;Paris;10706072
851;Paris;10706072
73201;Aime;8119
263;Aire-sur-l'Adour;7462
759;Marseille - Aix-en-Provence;1585498
30501;Ales;94393
358;Allevard;14573
0;Zone rurale;14541106
68206;Altkirch;8921
37701;Tours;353042
44301;Ancenis;10403
63112;Saint-Georges-de-Mons;3588
0;Zone rurale;14541106
74601;Annecy;168098
33501;La Teste-de-Buch - Arcachon;65500
652;Geneve (SUI) - Annemasse (partie francaise);178404
65204;Argeles-Gazost;6974
61302;Argentan;15038
35126;Argentre-du-Plessis;4294
65204;Argeles-Gazost;6974
851;Paris;10706072
851;Paris;10706072
31701;Toulouse;948433
32401;Auch;25276
14113;Aunay-sur-Odon;4740
0;Zone rurale;14541106
71302;Autun;13635
89402;Auxerre;41853
31701;Toulouse;948433
59209;Avesnes-sur-Helpe;8298
54201;Baccarat;5075
59501;Armentieres (partie francaise);78130
76401;Barentin;20372
44701;Nantes;633690
56204;Baud;6230
25201;Baume-les-Dames;5241
14303;Bayeux;18093
45207;Beaugency;8818
38202;Beaurepaire;5853
34302;Bedarieux;13279
555;Belfort;81651
25602;Besancon;135448
25602;Besancon;135448
851;Paris;10706072
46104;Biars-sur-Cere;4524
0;Zone rurale;14541106
2202;Bohain-en-Vermandois;5670
851;Paris;10706072
33701;Bordeaux;904359
19104;Bort-les-Orgues;2745
62503;Boulogne-sur-Mer;87013
851;Paris;10706072
71201;Bourbon-Lancy;5054
23101;Bourganeuf;2732
38116;Le Bourg-d'Oisans;3239
1501;Bourg-en-Bresse;59778
38501;Bourgoin-Jallieu;57928
73204;Bourg-Saint-Maurice;9626
79304;Bressuire;19411
5301;Briancon;17468
50110;Bricquebec;5970
554;Brive-la-Gaillarde;75329
14402;Dives-sur-Mer;34823
0;Zone rurale;14541106
84111;Camaret-sur-Aigues;5328
49109;Cande;2869
6701;Nice;943354
6701;Nice;943354
6701;Nice;943354
755;Rouen;467133
33701;Bordeaux;904359
83204;Carces;7028
13211;Cassis;7221
59307;Caudry;18989
754;Avignon;456042
754;Avignon;456042
85402;Challans;27389
73601;Chambery;187010
49203;Chalonnes-sur-Loire;6513
71501;Chalon-sur-Saone;74911
77404;Champagne-sur-Seine;28076
37701;Tours;353042
85207;Chantonnay;8279
35214;Chateaubourg;8907
36501;Chateauroux;60779
57113;Chateau-Salins;2442
74108;Abondance;3487
86401;Chatellerault;40693
851;Paris;10706072
79101;Chef-Boutonne;2137
851;Paris;10706072
7114;Le Cheylard;4014
851;Paris;10706072
49501;Cholet;57841
757;Toulon;569793
0;Zone rurale;14541106
0;Zone rurale;14541106
60401;Clermont;21674
63701;Clermont-Ferrand;265892
365;Clisson;18440
71112;Cluny;4803
0;Zone rurale;14541106
74502;Cluses;89490
83305;Cogolin;12387
851;Paris;10706072
3203;Commentry;7140
262;Conde-sur-Noireau;8255
851;Paris;10706072
851;Paris;10706072
851;Paris;10706072
63115;Courpiere;4234
74601;Annecy;168098
851;Paris;10706072
71401;Le Creusot;33444
29212;Crozon;7601
0;Zone rurale;14541106
14402;Dives-sur-Mer;34823
21701;Dijon;243244
67401;Molsheim;26662
67401;Molsheim;26662
756;Douai - Lens;504537
756;Douai - Lens;504537
29307;Douarnenez;14208
91302;Dourdan;12036
59602;Dunkerque;177103
0;Zone rurale;14541106
851;Paris;10706072
25602;Besancon;135448
0;Zone rurale;14541106
53202;Ernee;5757
67301;Erstein;11826
22302;Binic;12615
85129;La Ferriere;5167
61202;La Ferte-Mace;5548
72303;La Fleche;15185
61401;Flers;21911
86114;Fontaine-le-Comte;4672
85304;Fontenay-le-Comte;16868
851;Paris;10706072
0;Zone rurale;14541106
758;Lyon;1639558
851;Paris;10706072
2B501;Bastia;67699
61101;Gace;2074
5401;Gap;41248
757;Toulon;569793
86105;Gencay;3045
21202;Genlis;5342
851;Paris;10706072
45303;Gien;15740
32101;Gimont;2973
53105;Gorron;2623
56115;Gourin;3972
362;Le Grau-du-Roi;17189
38701;Grenoble;511598
751;Bayonne (partie francaise);236730
651;Valence;129705
22401;Guingamp;21755
40201;Hagetmau;5305
64202;Hasparren;6562
0;Zone rurale;14541106
751;Bayonne (partie francaise);236730
44121;Heric;5876
14601;Caen;198639
0;Zone rurale;14541106
0;Zone rurale;14541106
0;Zone rurale;14541106
0;Zone rurale;14541106
14109;Isigny-sur-Mer;3674
32202;L'Isle-Jourdain;8568
35215;Janze;8268
60502;Compiegne;70485
0;Zone rurale;14541106
37701;Tours;353042
81202;Labruguiere;6514
0;Zone rurale;14541106
34302;Bedarieux;13279
37108;Langeais;4593
22403;Lannion;49438
2403;Laon;28791
53501;Laval;67160
83308;Bormes-les-Mimosas - Le Lavandou;14116
9202;Lavelanet;7164
33701;Bordeaux;904359
0;Zone rurale;14541106
851;Paris;10706072
851;Paris;10706072
756;Douai - Lens;504537
87601;Limoges;183347
87601;Limoges;183347
87601;Limoges;183347
11301;Limoux;12989
34214;Lodeve;9751
26303;Livron-sur-Drome;16046
86204;Loudun;6740
65302;Lourdes;16982
65302;Lourdes;16982
65302;Lourdes;16982
463;Lunel;49914
70304;Luxeuil-les-Bains;12366
758;Lyon;1639558
758;Lyon;1639558
758;Lyon;1639558
851;Paris;10706072
72701;Le Mans;210018
759;Marseille - Aix-en-Provence;1585498
851;Paris;10706072
759;Marseille - Aix-en-Provence;1585498
0;Zone rurale;14541106
79205;Mauleon;8479
78301;Maule;10150
64204;Mauleon-Licharre;6395
851;Paris;10706072
752;Bethune;355543
45209;Meung-sur-Loire;9217
19101;Meymac;2455
758;Lyon;1639558
34301;Meze;11537
759;Marseille - Aix-en-Provence;1585498
0;Zone rurale;14541106
43301;Monistrol-sur-Loire;13126
83205;Montauroux;9536
551;Montelimar;55791
3501;Montlucon;56615
851;Paris;10706072
74114;Morzine;4604
64302;Mourenx;14531
38204;La Mure;6587
851;Paris;10706072
88204;Neufchateau;6615
0;Zone rurale;14541106
851;Paris;10706072
24109;Nontron;3923
85301;Saint-Jean-de-Monts;12838
44110;Nozay;4087
21204;Nuits-Saint-Georges;6003
755;Rouen;467133
851;Paris;10706072
0;Zone rurale;14541106
64301;Orthez;12917
22303;Paimpol;17817
34206;Palavas-les-Flots;6173
851;Paris;10706072
851;Paris;10706072
42108;Pelussin;4660
66601;Perpignan;200971
54111;Piennes;4620
83201;Pierrefeu-du-Var;6074
26301;Pierrelatte;13105
0;Zone rurale;14541106
45301;Pithiviers;11969
35116;Plelan-le-Grand;3852
22115;Pleneuf-Val-Andre;4009
0;Zone rurale;14541106
86601;Poitiers;130502
49208;La Pommeraye;18356
17116;Pons;4121
27303;Pont-Audemer;22373
38402;Charvieu-Chavagneux;26024
25203;Pont-de-Roide;5695
30304;Pont-Saint-Esprit;15266
0;Zone rurale;14541106
44304;Pornic;19312
759;Marseille - Aix-en-Provence;1585498
13214;Port-Saint-Louis-du-Rhone;8588
757;Toulon;569793
7301;Privas;14767
21701;Dijon;243244
81203;Rabastens;8235
31701;Toulouse;948433
452;Redon;20214
51701;Reims;212949
35701;Rennes;330871
0;Zone rurale;14541106
68124;Ribeauville;4746
0;Zone rurale;14541106
63401;Riom;33406
15102;Riom-es-Montagnes;2591
851;Paris;10706072
42502;Roanne;79899
74502;Cluses;89490
17403;Rochefort;38325
17601;La Rochelle;128466
0;Zone rurale;14541106
12402;Rodez;50571
26501;Romans-sur-Isere;57105
26501;Romans-sur-Isere;57105
35112;Romille;3878
41301;Romorantin-Lanthenay;17748
22110;Rostrenen;3101
755;Rouen;467133
755;Rouen;467133
851;Paris;10706072
74302;Rumilly;16812
13501;Salon-de-Provence;60408
757;Toulon;569793
57401;Sarreguemines (partie francaise);29359
49401;Saumur;29302
44215;Savenay;11232
851;Paris;10706072
21109;Semur-en-Auxois;4124
164;Seyssel;4526
2404;Soissons;42947
0;Zone rurale;14541106
0;Zone rurale;14541106
67701;Strasbourg (partie francaise);461101
851;Paris;10706072
33306;Saint-Andre-de-Cubzac;22342
0;Zone rurale;14541106
48103;Saint-Chely-d'Apcher;4156
851;Paris;10706072
851;Paris;10706072
38701;Grenoble;511598
753;Saint-etienne;373130
851;Paris;10706072
18202;Saint-Florent-sur-Cher;6671
0;Zone rurale;14541106
17402;Royan;35729
851;Paris;10706072
0;Zone rurale;14541106
38123;Saint-Jean-de-Bournay;4622
43103;Saint-Just-Malmont;4147
42501;Saint-Just-Saint-Rambert;60716
47401;Villeneuve-sur-Lot;48824
47401;Villeneuve-sur-Lot;48824
50401;Saint-Lo;24221
68403;Bale (SUI) - Saint-Louis (partie francaise);38768
757;Toulon;569793
0;Zone rurale;14541106
0;Zone rurale;14541106
38701;Grenoble;511598
851;Paris;10706072
83309;Saint-Maximin-la-Sainte-Baume;16037
44401;Saint-Brevin-les-Pins;23405
0;Zone rurale;14541106
0;Zone rurale;14541106
0;Zone rurale;14541106
29305;Saint-Pol-de-Leon;12288
22302;Binic;12615
29210;Saint-Renan;8101
0;Zone rurale;14541106
851;Paris;10706072
63303;Thiers;13925
57601;Thionville;132722
74205;Thones;10092
74501;Thonon-les-Bains;75939
89101;Toucy;2732
31701;Toulouse;948433
62401;Berck;44863
31701;Toulouse;948433
457;Tournon-sur-Rhone;29832
85104;La Tranche-sur-Mer;2863
851;Paris;10706072
0;Zone rurale;14541106
851;Paris;10706072
851;Paris;10706072
753;Saint-etienne;373130
19301;Ussel;9783
25114;Valdahon;5474
84204;Valreas;9492
7402;Aubenas;41552
56501;Vannes;78876
851;Paris;10706072
758;Lyon;1639558
6701;Nice;943354
758;Lyon;1639558
851;Paris;10706072
0;Zone rurale;14541106
65201;Vic-en-Bigorre;5030
32104;Vic-Fezensac;3946
30209;Le Vigan;7165
50201;Villedieu-les-Poeles;5786
38403;Villefontaine;35978
6701;Nice;943354
12301;Villefranche-de-Rouergue;12642
33701;Bordeaux;904359
59702;Lille (partie francaise);1039397
59702;Lille (partie francaise);1039397
2301;Villers-Cotterets;10951
14402;Dives-sur-Mer;34823
851;Paris;10706072
83112;Vinon-sur-Verdon;4196
0;Zone rurale;14541106
88202;Vittel;5213
8106;Vouziers;4383
15103;Ydes;2861
76301;Yvetot;15657
0;Zone rurale;14541106
33305;Andernos-les-Bains;18458
34701;Montpellier;428909
85501;La Roche-sur-Yon;53578
85501;La Roche-sur-Yon;53578
757;Toulon;569793
34501;Beziers;90841
851;Paris;10706072
3502;Vichy;65272
851;Paris;10706072
47501;Agen;81266
40401;Mont-de-Marsan;40141
7402;Aubenas;41552
0;Zone rurale;14541106
0;Zone rurale;14541106
851;Paris;10706072
851;Paris;10706072
458;Dinard;32364
851;Paris;10706072
851;Paris;10706072
